id,dbfId,name,type,cardClass,text,cost,attack,health,durability,race,mechanics,rarity,flavor
VAN_CS1_042,68298,Goldshire Footman,MINION,NEUTRAL,<b>Taunt</b>,1,1,2,0,,Taunt,FREE,"If 1/2 minions are all that is defending Goldshire, you would think it would have been overrun years ago."
VAN_CS1_069,69745,Fen Creeper,MINION,NEUTRAL,<b>Taunt</b>,5,3,6,0,,Taunt,COMMON,"He used to be called Bog Beast, but it confused people because he wasn't an actual beast.   Boom, New Name!"
VAN_CS1_112,68299,Holy Nova,SPELL,PRIEST,Deal $2 damage to all enemies. Restore #2 Health to all friendly characters.,5,0,0,0,,,FREE,"If the Holy Light forsakes you, good luck casting this spell.  Also, you're probably a jerk."
VAN_CS1_113,68300,Mind Control,SPELL,PRIEST,Take control of an enemy minion.,10,0,0,0,,,FREE,"Nominated as ""Spell Most Likely to Make Your Opponent Punch the Wall."""
VAN_CS1_129,69746,Inner Fire,SPELL,PRIEST,Change a minion's Attack to be equal to its Health.,1,0,0,0,,,COMMON,Good idea: Buffing your minions.  Bad idea: Starting a conversation in the Barrens.
VAN_CS1_130,68301,Holy Smite,SPELL,PRIEST,Deal $2 damage.,1,0,0,0,,,FREE,It doesn't matter how pious you are.  Everyone needs a good smiting now and again.
VAN_CS2_003,68303,Mind Vision,SPELL,PRIEST,Put a copy of a random card in your opponent's hand into your hand.,1,0,0,0,,,FREE,I see what you did there.
VAN_CS2_004,68304,Power Word: Shield,SPELL,PRIEST,"Give a minion +2 Health.
Draw a card.",1,0,0,0,,,FREE,"Sure the extra protection is nice, but the shield really reduces visibility."
VAN_CS2_005,68307,Claw,SPELL,DRUID,Give your hero +2 Attack this turn. Gain 2 Armor.,1,0,0,0,,,FREE,The claw decides who will stay and who will go.
VAN_CS2_007,68309,Healing Touch,SPELL,DRUID,Restore #8 Health.,3,0,0,0,,,FREE,"8 Health, no waiting."
VAN_CS2_008,68310,Moonfire,SPELL,DRUID,Deal $1 damage.,0,0,0,0,,,FREE,"""Cast Moonfire, and never stop."" - How to Be a Druid, Chapter 5, Section 3"
VAN_CS2_009,68311,Mark of the Wild,SPELL,DRUID,"Give a minion <b>Taunt</b> and +2/+2.<i>
(+2 Attack/+2 Health)</i>",2,0,0,0,,,FREE,Not to be confused with Jim of the Wild.
VAN_CS2_011,68313,Savage Roar,SPELL,DRUID,Give your characters +2 Attack this turn.,3,0,0,0,,,FREE,"What do they roar? Nobody can quite tell, but it sounds like ""Elephant Macho Breeze"".  It's probably not that, though."
VAN_CS2_012,68315,Swipe,SPELL,DRUID,Deal $4 damage to an enemy and $1 damage to all other enemies.,4,0,0,0,,,FREE,"When a bear rears back and extends his arms, he's about to Swipe!  ... or hug."
VAN_CS2_013,68316,Wild Growth,SPELL,DRUID,Gain an empty Mana Crystal.,2,0,0,0,,,FREE,"Grow your own mana crystals with this Mana Crystal Growth Kit, only 39.99!"
VAN_CS2_022,68319,Polymorph,SPELL,MAGE,"Transform a minion
into a 1/1 Sheep.",4,0,0,0,,,FREE,"There was going to be a pun in this flavor text, but it just came out baa-d."
VAN_CS2_023,68321,Arcane Intellect,SPELL,MAGE,Draw 2 cards.,3,0,0,0,,,FREE,Playing this card makes you SMARTER.  And let's face it: we could all stand to be a little smarter.
VAN_CS2_024,68322,Frostbolt,SPELL,MAGE,Deal $3 damage to a character and <b>Freeze</b> it.,2,0,0,0,,Freeze,FREE,"It is customary to yell ""Chill out!"" or ""Freeze!"" or ""Ice ice, baby!"" when you play this card."
VAN_CS2_025,68323,Arcane Explosion,SPELL,MAGE,Deal $1 damage to all enemy minions.,2,0,0,0,,,FREE,This spell is much better than Arcane Implosion.
VAN_CS2_026,68324,Frost Nova,SPELL,MAGE,<b>Freeze</b> all enemy minions.,3,0,0,0,,Freeze,FREE,"Hey man, that's cold.  Literally and metaphorically."
VAN_CS2_027,68325,Mirror Image,SPELL,MAGE,Summon two 0/2 minions with <b>Taunt</b>.,1,0,0,0,,,FREE,Oh hey it's Mirror Image! !egamI rorriM s'ti yeh hO
VAN_CS2_028,69747,Blizzard,SPELL,MAGE,Deal $2 damage to all enemy minions and <b>Freeze</b> them.,6,0,0,0,,Freeze,RARE,This spell can be very Entertaining.
VAN_CS2_029,68326,Fireball,SPELL,MAGE,Deal $6 damage.,4,0,0,0,,,FREE,"This spell is useful for burning things.  If you're looking for spells that toast things, or just warm them a little, you're in the wrong place."
VAN_CS2_031,69748,Ice Lance,SPELL,MAGE,"<b>Freeze</b> a character. If it was already <b>Frozen</b>, deal $4 damage instead.",1,0,0,0,,Freeze,COMMON,"The trick is not to break the lance.  Otherwise, you have ""Ice Pieces.""  Ice Pieces aren't as effective."
VAN_CS2_032,68327,Flamestrike,SPELL,MAGE,Deal $4 damage to all enemy minions.,7,0,0,0,,,FREE,"When the ground is on fire, you should <i>not</i> stop, drop, and roll."
VAN_CS2_033,68328,Water Elemental,MINION,MAGE,<b>Freeze</b> any character damaged by this minion.,4,3,6,0,,Freeze,FREE,Don't summon a water elemental at a party.  It'll dampen the mood.
VAN_CS2_037,68329,Frost Shock,SPELL,SHAMAN,Deal $1 damage to an enemy character and <b>Freeze</b> it.,1,0,0,0,,Freeze,FREE,FROST SHOCK!
VAN_CS2_038,69749,Ancestral Spirit,SPELL,SHAMAN,"Choose a minion. When that minion is destroyed, return it to the battlefield.",2,0,0,0,,,RARE,It was just a flesh wound.
VAN_CS2_039,68330,Windfury,SPELL,SHAMAN,Give a minion <b>Windfury</b>.,2,0,0,0,,,FREE,"Windfury is like Earthfury and Firefury, but more light and airy."
VAN_CS2_041,68331,Ancestral Healing,SPELL,SHAMAN,"Restore a minion
to full Health and
give it <b>Taunt</b>.",0,0,0,0,,,FREE,"I personally prefer some non-ancestral right-the-heck-now healing, but maybe that is just me."
VAN_CS2_042,68333,Fire Elemental,MINION,SHAMAN,<b>Battlecry:</b> Deal 3 damage.,6,6,5,0,,Battlecry,FREE,He can never take a bath. Ewww.
VAN_CS2_045,68334,Rockbiter Weapon,SPELL,SHAMAN,Give a friendly character +3 Attack this turn.,1,0,0,0,,,FREE,This would be real handy if your enemy is made of rock.
VAN_CS2_046,68336,Bloodlust,SPELL,SHAMAN,Give your minions +3 Attack this turn.,5,0,0,0,,,FREE,blaarghghLLGHRHARAAHAHHH!!
VAN_CS2_053,69750,Far Sight,SPELL,SHAMAN,Draw a card. That card costs (3) less.,3,0,0,0,,,EPIC,"Drek'thar can't see, but he can <i>see</i>. You know what I mean? It's ok if you don't."
VAN_CS2_057,68341,Shadow Bolt,SPELL,WARLOCK,"Deal $4 damage
to a minion.",3,0,0,0,,,FREE,It’s a Bolt.   It's made out of Shadow.   What more do you need to know!
VAN_CS2_059,69751,Blood Imp,MINION,WARLOCK,"[x]  <b>Stealth</b>. At the end of your  
turn, give another random
 friendly minion +1 Health.",1,0,1,0,DEMON,"Stealth, TriggerVisual",COMMON,Imps are content to hide and viciously taunt everyone nearby.
VAN_CS2_061,68342,Drain Life,SPELL,WARLOCK,Deal $2 damage. Restore #2 Health to your hero.,3,0,0,0,,,FREE,"""I've just sucked one year of your life away."""
VAN_CS2_062,68343,Hellfire,SPELL,WARLOCK,Deal $3 damage to ALL characters.,4,0,0,0,,,FREE,It's spells like these that make it hard for Warlocks to get decent help.
VAN_CS2_063,68344,Corruption,SPELL,WARLOCK,"Choose an enemy minion. At the start of your turn, destroy it.",1,0,0,0,,,FREE,"It starts with stealing a pen from work, and before you know it, BOOOM!  Corrupted!"
VAN_CS2_064,68346,Dread Infernal,MINION,WARLOCK,<b>Battlecry:</b> Deal 1 damage to ALL other characters.,6,6,6,0,DEMON,Battlecry,FREE,"""INFERNOOOOOOOOOO!"" - Jaraxxus, Eredar Lord of the Burning Legion"
VAN_CS2_065,68347,Voidwalker,MINION,WARLOCK,<b>Taunt</b>,1,1,3,0,DEMON,Taunt,FREE,"No relation to ""The Voidsteppers"", the popular Void-based dance troupe."
VAN_CS2_072,68348,Backstab,SPELL,ROGUE,Deal $2 damage to an undamaged minion.,0,0,0,0,,,FREE,"It's funny how often yelling ""Look over there!"" gets your opponent to turn around."
VAN_CS2_073,69752,Cold Blood,SPELL,ROGUE,Give a minion +2 Attack. <b>Combo:</b> +4 Attack instead.,1,0,0,0,,Combo,COMMON,"""I'm cold blooded, check it and see!"""
VAN_CS2_074,68349,Deadly Poison,SPELL,ROGUE,Give your weapon +2 Attack.,1,0,0,0,,,FREE,"Rogues guard the secrets to poison-making carefully, lest magi start incorporating poison into their spells.  Poisonbolt? Rain of Poison?  Poison Elemental?  Nobody wants that."
VAN_CS2_075,68351,Sinister Strike,SPELL,ROGUE,Deal $3 damage to the enemy hero.,1,0,0,0,,,FREE,"There's something about this strike that just feels off.  Sinister, even."
VAN_CS2_076,68352,Assassinate,SPELL,ROGUE,Destroy an enemy minion.,5,0,0,0,,,FREE,"If you don't want to be assassinated, move to the Barrens and change your name. Good luck!"
VAN_CS2_077,68353,Sprint,SPELL,ROGUE,Draw 4 cards.,7,0,0,0,,,FREE,Rogues are not good joggers.
VAN_CS2_080,68354,Assassin's Blade,WEAPON,ROGUE,,5,3,0,4,,,FREE,Guaranteed to have been owned by a real assassin.   Certificate of authenticity included.
VAN_CS2_084,68357,Hunter's Mark,SPELL,HUNTER,Change a minion's Health to 1.,0,0,0,0,,,FREE,Never play 'Hide and Go Seek' with a Hunter.
VAN_CS2_087,68359,Blessing of Might,SPELL,PALADIN,Give a minion +3 Attack.,1,0,0,0,,,FREE,"""As in, you MIGHT want to get out of my way."" - Toad Mackle, recently buffed."
VAN_CS2_088,68361,Guardian of Kings,MINION,PALADIN,<b>Battlecry:</b> Restore #6 Health to your hero.,7,5,6,0,,Battlecry,FREE,Holy beings from the beyond are so cliché!
VAN_CS2_089,68362,Holy Light,SPELL,PALADIN,Restore #6 Health.,2,0,0,0,,,FREE,"If you are often bathed in Holy Light, you should consider wearing sunscreen."
VAN_CS2_091,68363,Light's Justice,WEAPON,PALADIN,,1,1,0,4,,,FREE,Prince Malchezaar was a collector of rare weapons. He'd animate them and have them dance for him.
VAN_CS2_092,68364,Blessing of Kings,SPELL,PALADIN,Give a minion +4/+4. <i>(+4 Attack/+4 Health)</i>,4,0,0,0,,,FREE,"Given the number of kings who have been assassinated, are you sure you want their blessing?"
VAN_CS2_093,68366,Consecration,SPELL,PALADIN,Deal $2 damage to all enemies.,4,0,0,0,,,FREE,"Consecrated ground glows with Holy energy.  But it smells a little, too."
VAN_CS2_094,68367,Hammer of Wrath,SPELL,PALADIN,"Deal $3 damage.
Draw a card.",4,0,0,0,,,FREE,"A good paladin has many tools.  Hammer of Wrath, Pliers of Vengeance, Hacksaw of Justice, etc."
VAN_CS2_097,68368,Truesilver Champion,WEAPON,PALADIN,"Whenever your hero attacks, restore #2 Health to it.",4,4,0,2,,TriggerVisual,FREE,"It Slices, it Dices. You can cut a tin can with it. (But you wouldn't want to.)"
VAN_CS2_103,68371,Charge,SPELL,WARRIOR,Give a friendly minion +2 Attack and <b>Charge</b>.,3,0,0,0,,,FREE,"""Guys! Guys! Slow down!"" - some kind of non-warrior minion"
VAN_CS2_104,69753,Rampage,SPELL,WARRIOR,Give a damaged minion +3/+3.,2,0,0,0,,,COMMON,Minion get ANGRY.   Minion SMASH!
VAN_CS2_105,68373,Heroic Strike,SPELL,WARRIOR,Give your hero +4 Attack this turn.,2,0,0,0,,,FREE,"Really, if you're a hero, this is <i>every</i> strike."
VAN_CS2_106,68375,Fiery War Axe,WEAPON,WARRIOR,,2,3,0,2,,,FREE,"During times of tranquility and harmony, this weapon was called by its less popular name, Chilly Peace Axe."
VAN_CS2_108,68376,Execute,SPELL,WARRIOR,Destroy a damaged enemy minion.,1,0,0,0,,,FREE,"It's okay, he deserved it."
VAN_CS2_112,68377,Arcanite Reaper,WEAPON,WARRIOR,,5,5,0,2,,,FREE,No… actually you should fear the Reaper.
VAN_CS2_114,68378,Cleave,SPELL,WARRIOR,"[x]Deal $2 damage to
two random enemy
minions.",2,0,0,0,,,FREE,Hey you two…could you stand next to each other for a second…
VAN_CS2_117,69754,Earthen Ring Farseer,MINION,NEUTRAL,<b>Battlecry:</b> Restore #3 Health.,3,3,3,0,,Battlecry,COMMON,"He can see really far, and he doesn't use a telescope like those filthy pirates."
VAN_CS2_118,68379,Magma Rager,MINION,NEUTRAL,,3,5,1,0,,,FREE,"He likes to think he is powerful, but pretty much anyone can solo Molten Core now."
VAN_CS2_119,68380,Oasis Snapjaw,MINION,NEUTRAL,,4,2,7,0,BEAST,,FREE,His dreams of flying and breathing fire like his idol will never be realized.
VAN_CS2_120,68381,River Crocolisk,MINION,NEUTRAL,,2,2,3,0,BEAST,,FREE,"Edward ""Lefty"" Smith tried to make luggage out of a river crocolisk once."
VAN_CS2_121,68382,Frostwolf Grunt,MINION,NEUTRAL,<b>Taunt</b>,2,2,2,0,,Taunt,FREE,Grunting is what his father did and his father before that.   It's more than just a job.
VAN_CS2_122,68383,Raid Leader,MINION,NEUTRAL,Your other minions have +1 Attack.,3,2,2,0,,Aura,FREE,"""That's a 50 DKP minus!"""
VAN_CS2_124,68385,Wolfrider,MINION,NEUTRAL,<b>Charge</b>,3,3,1,0,,Charge,FREE,"Orcish raiders ride wolves because they are well adapted to harsh environments, and because they are soft and cuddly."
VAN_CS2_125,68386,Ironfur Grizzly,MINION,NEUTRAL,<b>Taunt</b>,3,3,3,0,BEAST,Taunt,FREE,"""Bear Carcass 1/10"""
VAN_CS2_127,68387,Silverback Patriarch,MINION,NEUTRAL,<b>Taunt</b>,3,1,4,0,BEAST,Taunt,FREE,"He likes to act like he's in charge, but the silverback matriarch actually runs things."
VAN_CS2_131,68388,Stormwind Knight,MINION,NEUTRAL,<b>Charge</b>,4,2,5,0,,Charge,FREE,"They're still embarrassed about ""The Deathwing Incident""."
VAN_CS2_141,68389,Ironforge Rifleman,MINION,NEUTRAL,<b>Battlecry:</b> Deal 1 damage.,3,2,2,0,,Battlecry,FREE,"""Ready! Aim! Drink!"""
VAN_CS2_142,68390,Kobold Geomancer,MINION,NEUTRAL,<b>Spell Damage +1</b>,2,2,2,0,,SpellPower,FREE,"In the old days, Kobolds were the finest candle merchants in the land. Then they got pushed too far..."
VAN_CS2_146,69755,Southsea Deckhand,MINION,NEUTRAL,Has <b>Charge</b> while you have a weapon equipped.,1,2,1,0,PIRATE,,COMMON,"Pirates are into this new fad called ""Planking""."
VAN_CS2_147,68391,Gnomish Inventor,MINION,NEUTRAL,<b>Battlecry:</b> Draw a card.,4,2,4,0,,Battlecry,FREE,"She's never quite sure what she's making, she just knows it's AWESOME!"
VAN_CS2_150,68392,Stormpike Commando,MINION,NEUTRAL,<b>Battlecry:</b> Deal 2 damage.,5,4,2,0,,Battlecry,FREE,The Stormpike Commandos are demolition experts.  They also bake a mean cupcake.
VAN_CS2_151,69756,Silver Hand Knight,MINION,NEUTRAL,<b>Battlecry:</b> Summon a 2/2 Squire.,5,4,4,0,,Battlecry,COMMON,It's good to be a knight.   Less so to be one's squire.
VAN_CS2_155,68393,Archmage,MINION,NEUTRAL,<b>Spell Damage +1</b>,6,4,7,0,,SpellPower,FREE,You earn the title of Archmage when you can destroy anyone who calls you on it.
VAN_CS2_161,69758,Ravenholdt Assassin,MINION,NEUTRAL,<b>Stealth</b>,7,7,5,0,,Stealth,RARE,"Just mail him a package with a name and 10,000 gold.  He'll take care of the rest."
VAN_CS2_162,68394,Lord of the Arena,MINION,NEUTRAL,<b>Taunt</b>,6,6,5,0,,Taunt,FREE,"He used to be a 2100+ rated arena player, but that was years ago and nobody can get him to shut up about it."
VAN_CS2_168,68395,Murloc Raider,MINION,NEUTRAL,,1,2,1,0,MURLOC,,FREE,"Mrrraggglhlhghghlgh, mrgaaag blarrghlgaahahl mrgggg glhalhah a bghhll graggmgmg Garrosh mglhlhlh mrghlhlhl!!"
VAN_CS2_169,69759,Young Dragonhawk,MINION,NEUTRAL,<b>Windfury</b>,1,1,1,0,BEAST,Windfury,COMMON,They were the inspiration for the championship Taurenball team: The Dragonhawks.
VAN_CS2_171,68396,Stonetusk Boar,MINION,NEUTRAL,<b>Charge</b>,1,1,1,0,BEAST,Charge,FREE,This card is boaring.
VAN_CS2_172,68397,Bloodfen Raptor,MINION,NEUTRAL,,2,3,2,0,BEAST,,FREE,"""Kill 30 raptors."" - Hemet Nesingwary"
VAN_CS2_173,68398,Bluegill Warrior,MINION,NEUTRAL,<b>Charge</b>,2,2,1,0,MURLOC,Charge,FREE,He just wants a hug.   A sloppy... slimy... hug.
VAN_CS2_179,68399,Sen'jin Shieldmasta,MINION,NEUTRAL,<b>Taunt</b>,4,3,5,0,,Taunt,FREE,"Sen'jin Village is nice, if you like trolls and dust."
VAN_CS2_181,69760,Injured Blademaster,MINION,NEUTRAL,<b>Battlecry:</b> Deal 4 damage to HIMSELF.,3,4,7,0,,Battlecry,RARE,"He claims it is an old war wound, but we think he just cut himself shaving."
VAN_CS2_182,68400,Chillwind Yeti,MINION,NEUTRAL,,4,4,5,0,,,FREE,"He always dreamed of coming down from the mountains and opening a noodle shop, but he never got the nerve."
VAN_CS2_186,68401,War Golem,MINION,NEUTRAL,,7,7,7,0,,,FREE,"Golems are not afraid, but for some reason they still run when you cast Fear on them.  Instinct, maybe?  A desire to blend in?"
VAN_CS2_187,68402,Booty Bay Bodyguard,MINION,NEUTRAL,<b>Taunt</b>,5,5,4,0,,Taunt,FREE,You can hire him... until someone offers him enough gold to turn on you.
VAN_CS2_188,69761,Abusive Sergeant,MINION,NEUTRAL,<b>Battlecry:</b> Give a minion +2 Attack this turn.,1,2,1,0,,Battlecry,COMMON,"ADD ME TO YOUR DECK, MAGGOT!"
VAN_CS2_189,68403,Elven Archer,MINION,NEUTRAL,<b>Battlecry:</b> Deal 1 damage.,1,1,1,0,,Battlecry,FREE,Don't bother asking her out on a date.  She'll shoot you down.
VAN_CS2_196,68404,Razorfen Hunter,MINION,NEUTRAL,<b>Battlecry:</b> Summon a 1/1 Boar.,3,2,3,0,,Battlecry,FREE,Someone did mess with Tuskerr once.  ONCE.
VAN_CS2_197,68405,Ogre Magi,MINION,NEUTRAL,<b>Spell Damage +1</b>,4,4,4,0,,SpellPower,FREE,Training Ogres in the art of spellcasting is a questionable decision.
VAN_CS2_200,68406,Boulderfist Ogre,MINION,NEUTRAL,,6,6,7,0,,,FREE,"""ME HAVE GOOD STATS FOR THE COST"""
VAN_CS2_201,68407,Core Hound,MINION,NEUTRAL,,7,9,5,0,BEAST,,FREE,You don’t tame a Core Hound. You just train it to eat someone else before it eats you.
VAN_CS2_203,69762,Ironbeak Owl,MINION,NEUTRAL,<b>Battlecry:</b> <b>Silence</b> a minion.,2,2,1,0,BEAST,Battlecry,COMMON,Their wings are silent but their screech is... whatever the opposite of silent is.
VAN_CS2_213,68408,Reckless Rocketeer,MINION,NEUTRAL,<b>Charge</b>,6,5,2,0,,Charge,FREE,One Insane Rocketeer.   One Rocket full of Explosives.   Infinite Fun.
VAN_CS2_221,69763,Spiteful Smith,MINION,NEUTRAL,<b>Enrage:</b> Your weapon has +2 Attack.,5,4,6,0,UNDEAD,,COMMON,"She'll craft you a sword, but you'll need to bring her 5 Steel Ingots, 3 Motes of Earth, and the scalp of her last customer."
VAN_CS2_222,68409,Stormwind Champion,MINION,NEUTRAL,Your other minions have +1/+1.,7,6,6,0,,Aura,FREE,"When Deathwing assaulted the capital, this soldier was the only member of his squad to survive. Now he's all bitter and stuff."
VAN_CS2_226,68411,Frostwolf Warlord,MINION,NEUTRAL,<b>Battlecry:</b> Gain +1/+1 for each other friendly minion on the battlefield.,5,4,4,0,,Battlecry,FREE,The Frostwolves are locked in combat with the Stormpike Expedition over control of Alterac Valley.  Every attempt at peace-talks has ended with Captain Galvangar killing the mediator.
VAN_CS2_227,69764,Venture Co. Mercenary,MINION,NEUTRAL,Your minions cost (3) more.,5,7,6,0,,Aura,COMMON,No Job is too big.  No fee is too big.
VAN_CS2_231,69765,Wisp,MINION,NEUTRAL,,0,1,1,0,,,COMMON,"If you hit an Eredar Lord with enough Wisps, it will explode.   But why?"
VAN_CS2_232,68413,Ironbark Protector,MINION,DRUID,<b>Taunt</b>,8,8,8,0,,Taunt,FREE,I <i>dare</i> you to attack Darnassus.
VAN_CS2_233,69766,Blade Flurry,SPELL,ROGUE,Destroy your weapon and deal its damage to all enemies.,2,0,0,0,,AffectedBySpellPower,RARE,"""Look, it's not just about waving daggers around really fast.  It's a lot more complicated than that."" - Shan, Rogue Trainer"
VAN_CS2_234,68414,Shadow Word: Pain,SPELL,PRIEST,Destroy a minion with 3 or less Attack.,2,0,0,0,,,FREE,"A step up from a spell cast by many beginning acolytes: ""Shadow Word: Annoy""."
VAN_CS2_235,68535,Northshire Cleric,MINION,PRIEST,"Whenever a minion is healed, draw a card.",1,1,3,0,,TriggerVisual,COMMON,They help the downtrodden and distressed.  Also they sell cookies.
VAN_CS2_236,68536,Divine Spirit,SPELL,PRIEST,Double a minion's Health.,2,0,0,0,,,COMMON,Double the trouble. Double the fun!
VAN_CS2_237,68416,Starving Buzzard,MINION,HUNTER,"Whenever you summon a Beast, draw a card.",2,2,1,0,BEAST,TriggerVisual,FREE,"If you feed him, he loses his whole <i>identity</i>."
VAN_DS1_055,68425,Darkscale Healer,MINION,NEUTRAL,<b>Battlecry:</b> Restore #2 Health to all friendly characters.,5,4,5,0,,Battlecry,FREE,Healing is just something she does in her free time.  It's more of a hobby really.
VAN_DS1_070,68426,Houndmaster,MINION,HUNTER,<b>Battlecry:</b> Give a friendly Beast +2/+2 and <b>Taunt</b>.,4,4,3,0,,Battlecry,FREE,"""Who let the dogs out?"" he asks.  It's rhetorical."
VAN_DS1_175,68428,Timber Wolf,MINION,HUNTER,Your other Beasts have +1 Attack.,1,1,1,0,BEAST,Aura,FREE,Other beasts totally dig hanging out with timber wolves.
VAN_DS1_178,68430,Tundra Rhino,MINION,HUNTER,Your Beasts have <b>Charge</b>.,5,2,5,0,BEAST,Aura,FREE,Tundra rhinos are often mistaken for kodos.  Or am I mistaken?
VAN_DS1_183,68432,Multi-Shot,SPELL,HUNTER,Deal $3 damage to two random enemy minions.,4,0,0,0,,,FREE,"You see, it's all about <i>throughput</i>."
VAN_DS1_184,68433,Tracking,SPELL,HUNTER,Look at the top 3 cards of your deck. Draw one and discard the others.,1,0,0,0,,,FREE,For the person who just cannot decide what card to put into a deck!
VAN_DS1_185,68434,Arcane Shot,SPELL,HUNTER,Deal $2 damage.,1,0,0,0,,,FREE,"Magi conjured arcane arrows to sell to hunters, until hunters learned just enough magic to do it themselves.  The resulting loss of jobs sent Stormwind into a minor recession."
VAN_DS1_188,69803,Gladiator's Longbow,WEAPON,HUNTER,Your hero is <b>Immune</b> while attacking.,7,5,0,2,,,EPIC,The longbow allows shots to be fired from farther away and is useful for firing on particularly odorous targets.
VAN_DS1_233,68537,Mind Blast,SPELL,PRIEST,Deal $5 damage to the enemy hero.,2,0,0,0,,,COMMON,This spell blasts you directly in the MIND.
VAN_EX1_001,69804,Lightwarden,MINION,NEUTRAL,"Whenever a character is healed, gain +2 Attack.",1,1,2,0,,TriggerVisual,RARE,She’s smaller than her sisters Mediumwarden and Heavywarden.
VAN_EX1_002,69805,The Black Knight,MINION,NEUTRAL,<b>Battlecry:</b> Destroy an enemy minion with <b>Taunt</b>.,6,4,5,0,,Battlecry,LEGENDARY,He was sent by the Lich King to disrupt the Argent Tournament.   We can pretty much mark that a failure.
VAN_EX1_004,69806,Young Priestess,MINION,NEUTRAL,"At the end of your turn, give another random friendly minion +1 Health.",1,2,1,0,,TriggerVisual,RARE,She can't wait to learn Power Word: Fortitude Rank 2.
VAN_EX1_005,69807,Big Game Hunter,MINION,NEUTRAL,<b>Battlecry:</b> Destroy a minion with 7 or more Attack.,3,4,2,0,,Battlecry,EPIC,Mere devilsaurs no longer excite him.  Soon he'll be trying to catch Onyxia with only a dull Krol Blade.
VAN_EX1_006,69808,Alarm-o-Bot,MINION,NEUTRAL,"[x]At the start of your turn,
swap this minion with a
   random one in your hand.",3,0,3,0,MECHANICAL,TriggerVisual,RARE,WARNING.  WARNING.  WARNING.
VAN_EX1_007,69809,Acolyte of Pain,MINION,NEUTRAL,"Whenever this minion takes damage, draw a card.",3,1,3,0,,TriggerVisual,COMMON,"He trained when he was younger to be an acolyte of joy, but things didn’t work out like he thought they would."
VAN_EX1_008,69810,Argent Squire,MINION,NEUTRAL,<b>Divine Shield</b>,1,1,1,0,,DivineShield,COMMON,"""I solemnly swear to uphold the Light, purge the world of darkness, and to eat only burritos."" - The Argent Dawn Oath"
VAN_EX1_009,69811,Angry Chicken,MINION,NEUTRAL,<b>Enrage:</b> +5 Attack.,1,1,1,0,BEAST,,RARE,There is no beast more frightening (or ridiculous) than a fully enraged chicken.
VAN_EX1_010,69812,Worgen Infiltrator,MINION,NEUTRAL,<b>Stealth</b>,1,2,1,0,,Stealth,COMMON,"If you want to stop a worgen from infiltrating, just yell, ""No! Bad boy!"""
VAN_EX1_011,68435,Voodoo Doctor,MINION,NEUTRAL,<b>Battlecry:</b> Restore #2 Health.,1,2,1,0,,Battlecry,FREE,Voodoo is an oft-misunderstood art. But it <i>is</i> art.
VAN_EX1_012,69813,Bloodmage Thalnos,MINION,NEUTRAL,"<b>Spell Damage +1</b>
<b>Deathrattle:</b> Draw a card.",2,1,1,0,,"Deathrattle, SpellPower",LEGENDARY,He's in charge of the Annual Scarlet Monastery Blood Drive!
VAN_EX1_014,69814,King Mukla,MINION,NEUTRAL,<b>Battlecry:</b> Give your opponent 2 Bananas.,3,5,5,0,BEAST,Battlecry,LEGENDARY,"King Mukla wanders Jaguero Isle, searching for love."
VAN_EX1_015,68436,Novice Engineer,MINION,NEUTRAL,<b>Battlecry:</b> Draw a card.,2,1,1,0,,Battlecry,FREE,"""Half of this class will not graduate… since they'll have been turned to chickens."" - Tinkmaster Overspark, teaching Gizmos 101."
VAN_EX1_016,69815,Sylvanas Windrunner,MINION,NEUTRAL,"<b>Deathrattle:</b> Take
control of a random
enemy minion.",6,5,5,0,,Deathrattle,LEGENDARY,"Sylvanas was turned into the Banshee Queen by Arthas, but he probably should have just killed her because it just pissed her off."
VAN_EX1_017,69816,Jungle Panther,MINION,NEUTRAL,<b>Stealth</b>,3,4,2,0,BEAST,Stealth,COMMON,"Stranglethorn is a beautiful place to visit, but you wouldn't want to live there."
VAN_EX1_019,68437,Shattered Sun Cleric,MINION,NEUTRAL,<b>Battlecry:</b> Give a friendly minion +1/+1.,3,3,2,0,,Battlecry,FREE,They always have a spare flask of Sunwell Energy Drink™!
VAN_EX1_020,69817,Scarlet Crusader,MINION,NEUTRAL,<b>Divine Shield</b>,3,3,1,0,,DivineShield,COMMON,Never wash your whites with a Scarlet Crusader.
VAN_EX1_021,69818,Thrallmar Farseer,MINION,NEUTRAL,<b>Windfury</b>,3,2,3,0,,Windfury,COMMON,"He's stationed in the Hellfire Peninsula, but he's hoping for a reassignment closer to Orgrimmar, or really anywhere the ground is less on fire."
VAN_EX1_023,69819,Silvermoon Guardian,MINION,NEUTRAL,<b>Divine Shield</b>,4,3,3,0,,DivineShield,COMMON,"The first time they tried to guard Silvermoon against the scourge, it didn’t go so well…"
VAN_EX1_025,68439,Dragonling Mechanic,MINION,NEUTRAL,<b>Battlecry:</b> Summon a 2/1 Mechanical Dragonling.,4,2,4,0,,Battlecry,FREE,She is still working on installing the rocket launcher add-on for Mr. Bitey.
VAN_EX1_028,69820,Stranglethorn Tiger,MINION,NEUTRAL,<b>Stealth</b>,5,5,5,0,BEAST,Stealth,COMMON,The wonderful thing about tigers is tigers are wonderful things!
VAN_EX1_029,69821,Leper Gnome,MINION,NEUTRAL,<b>Deathrattle:</b> Deal 2 damage to the enemy hero.,1,2,1,0,,Deathrattle,COMMON,"He really just wants to be your friend, but the constant rejection is starting to really get to him."
VAN_EX1_032,69822,Sunwalker,MINION,NEUTRAL,"<b>Taunt</b>
<b>Divine Shield</b>",6,4,5,0,,"DivineShield, Taunt",RARE,She doesn’t ACTUALLY walk on the Sun.  It's just a name.  Don’t worry!
VAN_EX1_033,69823,Windfury Harpy,MINION,NEUTRAL,<b>Windfury</b>,6,4,5,0,,Windfury,COMMON,Harpies are not pleasant sounding.  That's the nicest I can put it.
VAN_EX1_043,69824,Twilight Drake,MINION,NEUTRAL,<b>Battlecry:</b> Gain +1 Health for each card in your hand.,4,4,1,0,DRAGON,Battlecry,RARE,Twilight drakes feed on Mystical Energy.  And Tacos.
VAN_EX1_044,69825,Questing Adventurer,MINION,NEUTRAL,"Whenever you play a card, gain +1/+1.",3,2,2,0,,TriggerVisual,RARE,"""Does anyone have some extra Boar Pelts?"""
VAN_EX1_045,69826,Ancient Watcher,MINION,NEUTRAL,Can't attack.,2,4,5,0,,CantAttack,RARE,Why do its eyes seem to follow you as you walk by?
VAN_EX1_046,69827,Dark Iron Dwarf,MINION,NEUTRAL,<b>Battlecry:</b> Give a minion +2 Attack this turn.,4,4,4,0,,Battlecry,COMMON,"Guardians of Dark Iron Ore.  Perhaps the most annoying ore, given where you have to forge it."
VAN_EX1_048,69828,Spellbreaker,MINION,NEUTRAL,<b>Battlecry:</b> <b>Silence</b> a minion.,4,4,3,0,,Battlecry,COMMON,Spellbreakers can rip enchantments from magic-wielders.  The process is painless and can be performed on an outpatient basis.
VAN_EX1_049,69829,Youthful Brewmaster,MINION,NEUTRAL,<b>Battlecry:</b> Return a friendly minion from the battlefield to your hand.,2,3,2,0,,Battlecry,COMMON,His youthful enthusiasm doesn’t always equal excellence in his brews.   Don’t drink the Mogu Stout!
VAN_EX1_050,69830,Coldlight Oracle,MINION,NEUTRAL,<b>Battlecry:</b> Each player draws 2 cards.,3,2,2,0,MURLOC,Battlecry,RARE,They can see the future.   In that future both players draw more cards.   Spoooky.
VAN_EX1_055,69831,Mana Addict,MINION,NEUTRAL,"Whenever you cast a spell, gain +2 Attack this turn.",2,1,3,0,,TriggerVisual,RARE,"She’s trying to kick the habit, but still takes some mana whenever she has a stressful day."
VAN_EX1_057,69832,Ancient Brewmaster,MINION,NEUTRAL,<b>Battlecry:</b> Return a friendly minion from the battlefield to your hand.,4,5,4,0,,Battlecry,COMMON,Most pandaren say his brew tastes like yak.  But apparently that's a compliment.
VAN_EX1_058,69833,Sunfury Protector,MINION,NEUTRAL,<b>Battlecry:</b> Give adjacent minions <b>Taunt</b>.,2,2,3,0,,Battlecry,RARE,"She carries a shield, but only so she can give it to someone she can stand behind."
VAN_EX1_059,69834,Crazed Alchemist,MINION,NEUTRAL,<b>Battlecry:</b> Swap the Attack and Health of a minion.,2,2,2,0,,Battlecry,RARE,"""You'll <i>love</i> my new recipe!"" he says... especially if you're not happy with your current number of limbs."
VAN_EX1_062,68538,Old Murk-Eye,MINION,NEUTRAL,<b>Charge</b>. Has +1 Attack for each other Murloc on the battlefield.,4,2,4,0,MURLOC,Charge,LEGENDARY,"He's a legend among murlocs.  ""Mrghllghghllghg!"", they say."
VAN_EX1_066,68441,Acidic Swamp Ooze,MINION,NEUTRAL,<b>Battlecry:</b> Destroy your opponent's weapon.,2,3,2,0,,Battlecry,FREE,Oozes love Flamenco.  Don't ask.
VAN_EX1_067,69835,Argent Commander,MINION,NEUTRAL,"<b>Charge</b>
<b>Divine Shield</b>",6,4,2,0,,"Charge, DivineShield",RARE,"The Argent Dawn stands vigilant against the Scourge, as well as people who cut in line at coffee shops."
VAN_EX1_076,69836,Pint-Sized Summoner,MINION,NEUTRAL,The first minion you play each turn costs (1) less.,2,2,2,0,,Aura,RARE,She's quite jealous of the Gallon-Sized Summoner.
VAN_EX1_080,69837,Secretkeeper,MINION,NEUTRAL,"Whenever a <b>Secret</b> is played, gain +1/+1.",1,1,2,0,,TriggerVisual,RARE,Where is Mankrik’s wife? She’ll never tell.
VAN_EX1_082,69838,Mad Bomber,MINION,NEUTRAL,<b>Battlecry:</b> Deal 3 damage randomly split between all other characters.,2,3,2,0,,Battlecry,COMMON,"He's not really all that crazy, he is just not as careful with explosives as he should be."
VAN_EX1_083,69839,Tinkmaster Overspark,MINION,NEUTRAL,"[x]<b>Battlecry:</b> Transform
another random minion
into a 5/5 Devilsaur
 or a 1/1 Squirrel.",3,3,3,0,,Battlecry,LEGENDARY,Tinkmaster Overspark nearly lost his Tinker's license after the Great Ironforge Squirrel Stampede of '09.
VAN_EX1_084,68442,Warsong Commander,MINION,WARRIOR,"Whenever you summon a minion with 3 or less Attack, give it <b>Charge</b>.",3,2,3,0,,TriggerVisual,FREE,The Warsong clan is <i>such drama</i>. It's really not worth it to become a commander.
VAN_EX1_085,69840,Mind Control Tech,MINION,NEUTRAL,"[x]<b>Battlecry:</b> If your opponent
has 4 or more minions, take
 control of one at random.",3,3,3,0,,Battlecry,RARE,"Mind Control technology is getting better, but that's not saying much."
VAN_EX1_089,69841,Arcane Golem,MINION,NEUTRAL,<b>Charge</b>. <b>Battlecry:</b> Give your opponent a Mana Crystal.,3,4,2,0,,"Battlecry, Charge",RARE,"Having Arcane golems at home really classes up the place, and as a bonus they are great conversation pieces."
VAN_EX1_091,69842,Cabal Shadow Priest,MINION,PRIEST,<b>Battlecry:</b> Take control of an enemy minion that has 2 or less Attack.,6,4,5,0,,Battlecry,EPIC,You never know who may be secretly working for the Cabal....
VAN_EX1_093,69843,Defender of Argus,MINION,NEUTRAL,<b>Battlecry:</b> Give adjacent minions +1/+1 and <b>Taunt</b>.,4,2,3,0,,Battlecry,RARE,You wouldn’t think that Argus would need this much defending.  But it does.
VAN_EX1_095,69844,Gadgetzan Auctioneer,MINION,NEUTRAL,"Whenever you cast a spell, draw a card.",5,4,4,0,,TriggerVisual,RARE,"He used to run the black market auction house, but there was just too much violence and he had to move."
VAN_EX1_096,69845,Loot Hoarder,MINION,NEUTRAL,<b>Deathrattle:</b> Draw a card.,2,2,1,0,,Deathrattle,COMMON,Always roll need.
VAN_EX1_097,69846,Abomination,MINION,NEUTRAL,"<b>Taunt</b>. <b>Deathrattle:</b> Deal 2
damage to ALL characters.",5,4,4,0,,"Deathrattle, Taunt",RARE,Abominations enjoy Fresh Meat and long walks on the beach.
VAN_EX1_100,69847,Lorewalker Cho,MINION,NEUTRAL,"Whenever a player casts a spell, put a copy into the other player’s hand.",2,0,4,0,,TriggerVisual,LEGENDARY,"Lorewalker Cho archives and shares tales from the land of Pandaria, but his favorite story is the one where Joey and Phoebe go on a road trip."
VAN_EX1_102,69848,Demolisher,MINION,NEUTRAL,"At the start of your turn, deal 2 damage to a random enemy.",3,1,4,0,MECHANICAL,TriggerVisual,RARE,"Laying siege isn't fun for anyone.  It's not even all that effective, now that everyone has a flying mount."
VAN_EX1_103,69849,Coldlight Seer,MINION,NEUTRAL,<b>Battlecry:</b> Give ALL other Murlocs +2 Health.,3,2,3,0,MURLOC,Battlecry,RARE,"The Coldlight murlocs reside in the darkest pits of the Abyssal Depths.  So no, there's no getting away from murlocs."
VAN_EX1_105,69850,Mountain Giant,MINION,NEUTRAL,Costs (1) less for each other card in your hand.,12,8,8,0,,,EPIC,His mother said that he was just big boned.
VAN_EX1_110,69851,Cairne Bloodhoof,MINION,NEUTRAL,<b>Deathrattle:</b> Summon a 4/5 Baine Bloodhoof.,6,4,5,0,,Deathrattle,LEGENDARY,"Cairne was killed by Garrosh, so... don't put this guy in a Warrior deck.  It's pretty insensitive."
VAN_EX1_112,68539,Gelbin Mekkatorque,MINION,NEUTRAL,<b>Battlecry:</b> Summon an AWESOME invention.,6,6,6,0,,Battlecry,LEGENDARY,"He's the leader of the gnomes, and an incredible inventor.  He's getting better, too; He turns things into chickens WAY less than he used to."
VAN_EX1_116,69852,Leeroy Jenkins,MINION,NEUTRAL,<b>Charge</b>. <b>Battlecry:</b> Summon two 1/1 Whelps for your opponent.,4,6,2,0,,"Battlecry, Charge",LEGENDARY,At least he has Angry Chicken.
VAN_EX1_124,69853,Eviscerate,SPELL,ROGUE,Deal $2 damage. <b>Combo:</b> Deal $4 damage instead.,2,0,0,0,,Combo,COMMON,There is a high cost to Eviscerating your opponent. You might tweak your elbow! That really hurts!
VAN_EX1_126,69854,Betrayal,SPELL,ROGUE,Force an enemy minion to deal its damage to the minions next to it.,2,0,0,0,,,COMMON,"Everyone has a price. Gnomes, for example, can be persuaded by stuffed animals and small amounts of chocolate."
VAN_EX1_128,69855,Conceal,SPELL,ROGUE,Give your minions <b>Stealth</b> until your next turn.,1,0,0,0,,,COMMON,Rogues conceal everything but their emotions.  You can't get 'em to shut up about feelings.
VAN_EX1_129,68444,Fan of Knives,SPELL,ROGUE,Deal $1 damage to all enemy minions. Draw a card.,3,0,0,0,,,FREE,"I wouldn't say I LOVE knives, but I'm definitely a fan."
VAN_EX1_130,69856,Noble Sacrifice,SPELL,PALADIN,"<b>Secret:</b> When an enemy attacks, summon a 2/1 Defender as the new target.",1,0,0,0,,Secret,COMMON,"We will always remember you, ""Defender!"""
VAN_EX1_131,69857,Defias Ringleader,MINION,ROGUE,<b>Combo:</b> Summon a 2/1 Defias Bandit.,2,2,2,0,,Combo,COMMON,"He stole the deed to town years ago, so technically the town <i>is</i> his. He just calls people Scrub to be mean."
VAN_EX1_132,69858,Eye for an Eye,SPELL,PALADIN,"<b>Secret:</b> When your hero takes damage, deal that much damage to the enemy hero.",1,0,0,0,,Secret,COMMON,Justice sometimes takes the form of a closed fist into a soft cheek.
VAN_EX1_133,69859,Perdition's Blade,WEAPON,ROGUE,<b>Battlecry:</b> Deal 1 damage. <b>Combo:</b> Deal 2 instead.,3,2,0,2,,"Battlecry, Combo",RARE,Perdition's Blade is Ragnaros's back-up weapon while Sulfuras is in the shop.
VAN_EX1_134,69860,SI:7 Agent,MINION,ROGUE,<b>Combo:</b> Deal 2 damage.,3,3,3,0,,Combo,RARE,"The agents of SI:7 are responsible for Stormwind's covert activities.  Their duties include espionage, assassination, and throwing surprise birthday parties for the royal family."
VAN_EX1_136,69861,Redemption,SPELL,PALADIN,"<b>Secret:</b> When a friendly minion dies, return it to life with 1 Health.",1,0,0,0,,Secret,COMMON,I am not sure how you get demptioned the first time.  It’s a mystery!
VAN_EX1_137,69862,Headcrack,SPELL,ROGUE,Deal $2 damage to the enemy hero. <b>Combo:</b> Return this to your hand next turn.,3,0,0,0,,Combo,RARE,"When all else fails, nothing beats a swift whack upside the head."
VAN_EX1_144,69863,Shadowstep,SPELL,ROGUE,Return a friendly minion to your hand. It costs (2) less.,0,0,0,0,,,COMMON,Rogue dance troops will sometimes Shadowstep away at the end of a performance.  Crowds love it.
VAN_EX1_145,69864,Preparation,SPELL,ROGUE,The next spell you cast this turn costs (3) less.,0,0,0,0,,,EPIC,"""Be Prepared"" - Rogue Motto"
VAN_EX1_154,69865,Wrath,SPELL,DRUID,"<b>Choose One -</b>
Deal $3 damage to a minion; or $1 damage
and draw a card.",2,0,0,0,,ChooseOne,COMMON,The talk around the Ratchet Inn is that this card is too good and should be a Legendary.
VAN_EX1_155,69866,Mark of Nature,SPELL,DRUID,<b>Choose One -</b> Give a minion +4 Attack; or +4 Health and <b>Taunt</b>.,3,0,0,0,,ChooseOne,COMMON,"Druids call it the ""Mark of Nature.""  Everyone else calls it ""needing a bath."""
VAN_EX1_158,69867,Soul of the Forest,SPELL,DRUID,"Give your minions ""<b>Deathrattle:</b> Summon a 2/2 Treant.""",4,0,0,0,,,COMMON,"""Reforestation"" is suddenly a terrifying word."
VAN_EX1_160,69868,Power of the Wild,SPELL,DRUID,<b>Choose One -</b> Give your minions +1/+1; or Summon a 3/2 Panther.,2,0,0,0,,ChooseOne,COMMON,"Never look a panther in the eye.  Or is it 'Always look a panther in the eye'?  Well, it's one of those."
VAN_EX1_161,69869,Naturalize,SPELL,DRUID,"Destroy a minion.
Your opponent draws 2 cards.",1,0,0,0,,,COMMON,Another one bites the dust.
VAN_EX1_162,69870,Dire Wolf Alpha,MINION,NEUTRAL,Adjacent minions have +1 Attack.,2,2,2,0,BEAST,"AdjacentBuff, Aura",COMMON,"We are pretty excited about the upcoming release of Dire Wolf Beta, just repost this sign for a chance at a key."
VAN_EX1_164,69871,Nourish,SPELL,DRUID,<b>Choose One -</b> Gain 2 Mana Crystals; or Draw 3 cards.,5,0,0,0,,ChooseOne,RARE,"Druids take nourishment from many things: the power of nature, the songbird's chirp, a chocolate cake."
VAN_EX1_165,69872,Druid of the Claw,MINION,DRUID,<b>Choose One -</b> <b>Charge</b>; or +2 Health and <b>Taunt</b>.,5,4,4,0,,ChooseOne,COMMON,Cat or Bear?  Cat or Bear?!  I just cannot CHOOSE!
VAN_EX1_166,69873,Keeper of the Grove,MINION,DRUID,<b>Choose One -</b> Deal 2 damage; or <b>Silence</b> a minion.,4,2,4,0,,ChooseOne,RARE,These guys just show up and start Keeping your Groves without even asking.
VAN_EX1_169,68445,Innervate,SPELL,DRUID,Gain 2 Mana Crystals this turn only.,0,0,0,0,,,FREE,"Some druids still have flashbacks from strangers yelling ""Innervate me!!"" at them."
VAN_EX1_170,69874,Emperor Cobra,MINION,NEUTRAL,Destroy any minion damaged by this minion.,3,2,3,0,BEAST,,RARE,"The Sholazar Basin is home to a lot of really horrible things. If you're going to visit, wear bug spray.  And plate armor."
VAN_EX1_173,68446,Starfire,SPELL,DRUID,"Deal $5 damage.
Draw a card.",6,0,0,0,,,FREE,Balance is important to druids.  This card is perfectly balanced.
VAN_EX1_178,69875,Ancient of War,MINION,DRUID,"<b>Choose One -</b>
+5 Attack; or +5 Health and <b>Taunt</b>.",7,5,5,0,,ChooseOne,EPIC,"Young Night Elves love to play ""Who can get the Ancient of War to Uproot?""  You lose if you get crushed to death."
VAN_EX1_238,69892,Lightning Bolt,SPELL,SHAMAN,Deal $3 damage. <b>Overload:</b> (1),1,0,0,0,,Overload,COMMON,Lightning Bolt! Lightning Bolt! Lightning Bolt!
VAN_EX1_241,69893,Lava Burst,SPELL,SHAMAN,Deal $5 damage. <b>Overload:</b> (2),3,0,0,0,,Overload,RARE,It's like an ocean of liquid magma in your mouth!
VAN_EX1_243,69894,Dust Devil,MINION,SHAMAN,<b>Windfury</b>. <b>Overload:</b> (2),1,3,1,0,,"Overload, Windfury",COMMON,Westfall is full of dust devils. And buzzards. And crazed golems. And pirates. Why does anyone live here?
VAN_EX1_244,68453,Totemic Might,SPELL,SHAMAN,Give your Totems +2 Health.,0,0,0,0,,,FREE,Totem-stomping is no longer recommended.
VAN_EX1_245,69895,Earth Shock,SPELL,SHAMAN,"<b>Silence</b> a minion, then deal $1 damage to it.",1,0,0,0,,Silence,COMMON,"Earth Shock? Shouldn't it be ""Azeroth Shock""?"
VAN_EX1_246,68455,Hex,SPELL,SHAMAN,Transform a minion into a 0/1 Frog with <b>Taunt</b>.,3,0,0,0,,,FREE,"If you Hex a Murloc... it really isn't much of a change, is it?"
VAN_EX1_247,69896,Stormforged Axe,WEAPON,SHAMAN,<b>Overload:</b> (1),2,2,0,3,,Overload,COMMON,"Yo, that's a nice axe."
VAN_EX1_248,69897,Feral Spirit,SPELL,SHAMAN,Summon two 2/3 Spirit Wolves with <b>Taunt</b>. <b>Overload:</b> (2),3,0,0,0,,Overload,RARE,Spirit wolves are like regular wolves with pom-poms.
VAN_EX1_249,69898,Baron Geddon,MINION,NEUTRAL,"At the end of your turn, deal 2 damage to ALL other characters.",7,7,5,0,,TriggerVisual,LEGENDARY,"Baron Geddon was Ragnaros's foremost lieutenant, until he got FIRED."
VAN_EX1_250,69899,Earth Elemental,MINION,SHAMAN,<b>Taunt</b>. <b><b>Overload</b>:</b> (3),5,7,8,0,,"Overload, Taunt",EPIC,Nothing beats rock.
VAN_EX1_251,69900,Forked Lightning,SPELL,SHAMAN,Deal $2 damage to 2 random enemy minions. <b>Overload:</b> (2),1,0,0,0,,Overload,COMMON,"If you combine it with Spooned Lightning and Knived Lightning, you have the full dining set."
VAN_EX1_258,69901,Unbound Elemental,MINION,SHAMAN,"Whenever you play a card with <b>Overload</b>, gain +1/+1.",3,2,4,0,,TriggerVisual,COMMON,"Unlike bound elementals, Unbound ones really enjoy a night on the town."
VAN_EX1_259,69902,Lightning Storm,SPELL,SHAMAN,Deal $2-$3 damage to all enemy minions. <b>Overload:</b> (2),3,0,0,0,,Overload,RARE,"An umbrella won't be effective, I'm afraid."
VAN_EX1_274,69903,Ethereal Arcanist,MINION,MAGE,"If you control a <b>Secret</b> at the end of your turn, gain +2/+2.",4,3,3,0,,TriggerVisual,RARE,The ethereals are wrapped in cloth to give form to their non-corporeal bodies. Also because it's nice and soft.
VAN_EX1_275,69904,Cone of Cold,SPELL,MAGE,"<b>Freeze</b> a minion and the minions next to it, and deal $1 damage to them.",4,0,0,0,,Freeze,COMMON,Magi of the Kirin Tor were casting Cubes of Cold for many years before Cones came into fashion some 90 years ago.
VAN_EX1_277,68457,Arcane Missiles,SPELL,MAGE,Deal $3 damage randomly split among all enemy characters.,1,0,0,0,,ImmuneToSpellPower,FREE,You'd think you'd be able to control your missiles a little better since you're a powerful mage and all.
VAN_EX1_278,68458,Shiv,SPELL,ROGUE,"Deal $1 damage.
Draw a card.",2,0,0,0,,,FREE,Rogues are experts at SHIV-al-ry.
VAN_EX1_279,69905,Pyroblast,SPELL,MAGE,Deal $10 damage.,10,0,0,0,,,EPIC,Take the time for an evil laugh after you draw this card.
VAN_EX1_283,69906,Frost Elemental,MINION,NEUTRAL,<b>Battlecry:</b> <b>Freeze</b> a character.,6,5,5,0,,"Battlecry, Freeze",COMMON,When a Water elemental and an Ice elemental love each other VERY much...
VAN_EX1_284,69907,Azure Drake,MINION,NEUTRAL,"<b>Spell Damage +1</b>
<b>Battlecry:</b> Draw a card.",5,4,4,0,DRAGON,"Battlecry, SpellPower",RARE,"They initially planned to be the Beryl or Cerulean drakes, but those felt a tad too pretentious."
VAN_EX1_287,69908,Counterspell,SPELL,MAGE,"<b>Secret:</b> When your opponent casts a spell, <b>Counter</b> it.",3,0,0,0,,Secret,RARE,What's the difference between a mage playing with Counterspell and a mage who isn't?  The mage who isn't is getting Pyroblasted in the face.
VAN_EX1_289,69909,Ice Barrier,SPELL,MAGE,"[x]<b>Secret:</b> As soon as your
hero is attacked, gain
8 Armor.",3,0,0,0,,Secret,COMMON,This is Rank 1.  Rank 2 is Chocolate Milk Barrier.
VAN_EX1_294,69910,Mirror Entity,SPELL,MAGE,"[x]<b>Secret:</b> When
your opponent plays a
minion, summon a copy
of it.",3,0,0,0,,Secret,COMMON,"""You go first."" - Krush'gor the Behemoth, to his pet boar."
VAN_EX1_295,69911,Ice Block,SPELL,MAGE,"<b>Secret:</b> When your hero takes fatal damage, prevent it and become <b>Immune</b> this turn.",3,0,0,0,,Secret,EPIC,"Ice is nice, and will suffice!"
VAN_EX1_298,69912,Ragnaros the Firelord,MINION,NEUTRAL,"Can't attack. At the end of your turn, deal 8 damage to a random enemy.",8,8,8,0,,"CantAttack, TriggerVisual",LEGENDARY,"Ragnaros was summoned by the Dark Iron dwarves, who were eventually enslaved by the Firelord.  Summoning Ragnaros often doesn’t work out the way you want it to."
VAN_EX1_301,69913,Felguard,MINION,WARLOCK,"<b>Taunt</b>
<b>Battlecry:</b> Destroy one of your Mana Crystals.",3,3,5,0,DEMON,"Battlecry, Taunt",RARE,"Yes, he'll fight for you.  BUT HE'S NOT GOING TO LIKE IT."
VAN_EX1_302,68459,Mortal Coil,SPELL,WARLOCK,"Deal $1 damage to a minion. If that kills it, draw a card.",1,0,0,0,,,FREE,"If your spells look like horrifying skulls, let's be honest, you should get to draw some cards."
VAN_EX1_303,69914,Shadowflame,SPELL,WARLOCK,Destroy a friendly minion and deal its Attack damage to all enemy minions.,4,0,0,0,,AffectedBySpellPower,RARE,Start with a powerful minion and stir in Shadowflame and you have a good time!
VAN_EX1_304,69915,Void Terror,MINION,WARLOCK,"[x]<b>Battlecry:</b> Destroy both
adjacent minions and gain
 their Attack and Health.",3,3,3,0,DEMON,Battlecry,RARE,"If you put this into your deck, you WILL lose the trust of your other minions."
VAN_EX1_306,68460,Felstalker,MINION,WARLOCK,<b>Battlecry:</b> Discard a random card.,2,4,3,0,DEMON,Battlecry,FREE,This puppy chews up cards instead of shoes.
VAN_EX1_308,68461,Soulfire,SPELL,WARLOCK,"[x]Deal $4 damage.
Discard a random card.",0,0,0,0,,,FREE,Are you lighting a soul on fire? Or burning someone with your OWN soul? This seems like an important distinction.
VAN_EX1_309,69916,Siphon Soul,SPELL,WARLOCK,Destroy a minion. Restore #3 Health to your hero.,6,0,0,0,,,RARE,You probably should avoid siphoning your own soul.  You might create some kind of weird infinite loop.
VAN_EX1_310,69917,Doomguard,MINION,WARLOCK,<b>Charge</b>. <b>Battlecry:</b> Discard two random cards.,5,5,7,0,DEMON,"Battlecry, Charge",RARE,Summoning a doomguard is risky. <i>Someone</i> is going to die.
VAN_EX1_312,69918,Twisting Nether,SPELL,WARLOCK,Destroy all minions.,8,0,0,0,,,EPIC,The Twisting Nether is a formless place of magic and illusion and destroyed minions.
VAN_EX1_313,69919,Pit Lord,MINION,WARLOCK,<b>Battlecry:</b> Deal 5 damage to your hero.,4,5,6,0,DEMON,Battlecry,EPIC,"Mannoroth, Magtheridon, and Brutallus may be dead, but it turns out there are a LOT of pit lords."
VAN_EX1_315,69920,Summoning Portal,MINION,WARLOCK,"Your minions cost (2) less, but not less than (1).",4,0,4,0,,Aura,COMMON,NOT LESS THAN 1!  Don't get any ideas!
VAN_EX1_316,69921,Power Overwhelming,SPELL,WARLOCK,"Give a friendly minion +4/+4 until end of turn. Then, it dies. Horribly.",1,0,0,0,,,COMMON,We cannot even describe how horrible the death is.  It's CRAZY bad!  Maybe worse than that.  Just don't do it.
VAN_EX1_317,69922,Sense Demons,SPELL,WARLOCK,"Draw 2 Demons
from your deck.",3,0,0,0,,,COMMON,Generally demons are pretty obvious and you don’t need a spell to sense them.
VAN_EX1_319,69923,Flame Imp,MINION,WARLOCK,<b>Battlecry:</b> Deal 3 damage to your hero.,1,3,2,0,DEMON,Battlecry,COMMON,Imps like being on fire.  They just do.
VAN_EX1_320,69924,Bane of Doom,SPELL,WARLOCK,"Deal $2 damage to a character. If that kills it, summon a random Demon.",5,0,0,0,,,EPIC,"My advice to you is to avoid Doom, if possible."
VAN_EX1_323,69925,Lord Jaraxxus,MINION,WARLOCK,<b>Battlecry:</b> Destroy your hero and replace it with Lord Jaraxxus.,9,3,15,0,DEMON,Battlecry,LEGENDARY,"""TRIFLING GNOME! YOUR ARROGANCE WILL BE YOUR UNDOING!!!!"""
VAN_EX1_332,69926,Silence,SPELL,PRIEST,<b>Silence</b> a minion.,0,0,0,0,,Silence,COMMON,"Reserved for enemy spellcasters, evil liches from beyond the grave, and karaoke nights at the Grim Guzzler."
VAN_EX1_334,69927,Shadow Madness,SPELL,PRIEST,Gain control of an enemy minion with 3 or less Attack until end of turn.,4,0,0,0,,,RARE,"You can rationalize it all you want, it's still a mean thing to do."
VAN_EX1_335,69928,Lightspawn,MINION,PRIEST,This minion's Attack is always equal to its Health.,4,0,5,0,,,COMMON,Spawn of the Light? Or Pawn of the Lights?
VAN_EX1_339,69929,Thoughtsteal,SPELL,PRIEST,Copy 2 cards in your opponent's deck and add them to your hand.,3,0,0,0,,,COMMON,"""What do you get when you cast Thoughtsteal on an Orc?  Nothing!"" - Tauren joke"
VAN_EX1_341,69930,Lightwell,MINION,PRIEST,"At the start of your turn, restore #3 Health to a damaged friendly character.",2,0,5,0,,TriggerVisual,RARE,"It isn't clear if people ignore the Lightwell, or if it is just invisible."
VAN_EX1_345,69931,Mindgames,SPELL,PRIEST,"Put a copy of
a random minion from
your opponent's deck into the battlefield.",4,0,0,0,,,EPIC,Sometimes it feels like this is all a game.
VAN_EX1_349,69932,Divine Favor,SPELL,PALADIN,Draw cards until you have as many in hand as your opponent.,3,0,0,0,,,RARE,"This is not just a favor, but a divine one, like helping someone move a couch with a fold out bed!"
VAN_EX1_350,69933,Prophet Velen,MINION,PRIEST,Double the damage and healing of your spells and Hero Power.,7,7,7,0,,,LEGENDARY,"He's been exiled from his home, and all his brothers turned evil, but otherwise he doesn't have a lot to complain about."
VAN_EX1_354,69934,Lay on Hands,SPELL,PALADIN,Restore #8 Health. Draw 3 cards.,8,0,0,0,,,EPIC,A grammatically awkward life saver.
VAN_EX1_355,69935,Blessed Champion,SPELL,PALADIN,Double a minion's Attack.,5,0,0,0,,,RARE,This card causes double the trouble AND double the fun.
VAN_EX1_360,68462,Humility,SPELL,PALADIN,Change a minion's Attack to 1.,1,0,0,0,,,FREE,"This card makes something really damp.  Oh wait.  That's ""Humidity."""
VAN_EX1_362,69936,Argent Protector,MINION,PALADIN,<b>Battlecry:</b> Give a friendly minion <b>Divine Shield</b>.,2,2,2,0,,Battlecry,COMMON,"""I'm not saying you can dodge fireballs.  I'm saying with this shield, you won't have to."""
VAN_EX1_363,69937,Blessing of Wisdom,SPELL,PALADIN,"Choose a minion. Whenever it attacks, draw a card.",1,0,0,0,,,COMMON,Apparently with wisdom comes the knowledge that you should probably be attacking every turn.
VAN_EX1_365,69938,Holy Wrath,SPELL,PALADIN,Draw a card and deal damage equal to its Cost.,5,0,0,0,,AffectedBySpellPower,RARE,C'mon Molten Giant!!
VAN_EX1_366,69939,Sword of Justice,WEAPON,PALADIN,"After you summon a minion, give it +1/+1 and this loses 1 Durability.",3,1,0,5,,TriggerVisual,EPIC,I dub you Sir Loin of Beef!
VAN_EX1_371,68464,Hand of Protection,SPELL,PALADIN,Give a minion <b>Divine Shield</b>.,1,0,0,0,,,FREE,"This spell has been renamed so many times, even paladins don’t know what it should be called anymore."
VAN_EX1_379,69940,Repentance,SPELL,PALADIN,"<b>Secret:</b> After your opponent plays a minion, reduce its Health to 1.",1,0,0,0,,Secret,COMMON,Repentance often comes in the moment before obliteration. Curious.
VAN_EX1_382,69941,Aldor Peacekeeper,MINION,PALADIN,<b>Battlecry:</b> Change an enemy minion's Attack to 1.,3,3,3,0,,Battlecry,RARE,The Aldor hate two things: the Scryers and smooth jazz.
VAN_EX1_383,69942,Tirion Fordring,MINION,PALADIN,"<b><b>Divine Shield</b>,</b> <b>Taunt</b> <b>Deathrattle:</b> Equip a 5/3 Ashbringer.",8,6,6,0,,"Deathrattle, DivineShield, Taunt",LEGENDARY,"If you haven't heard the Tirion Fordring theme song, it's because it doesn't exist."
VAN_EX1_384,69943,Avenging Wrath,SPELL,PALADIN,Deal $8 damage randomly split among all enemy characters.,6,0,0,0,,ImmuneToSpellPower,EPIC,Wham! Wham! Wham! Wham! Wham! Wham! Wham! Wham!
VAN_EX1_390,69944,Tauren Warrior,MINION,NEUTRAL,<b>Taunt</b>. <b>Enrage:</b> +3 Attack,3,2,3,0,,Taunt,COMMON,"Tauren Warrior: Champion of Mulgore, Slayer of Quilboar, Rider of Thunderbluff Elevators."
VAN_EX1_391,69945,Slam,SPELL,WARRIOR,"Deal $2 damage to a minion. If it survives, draw a card.",2,0,0,0,,,COMMON,"""Dun da dun, dun da dun"": if you've heard an ogre sing this, it's too late."
VAN_EX1_392,69946,Battle Rage,SPELL,WARRIOR,Draw a card for each damaged friendly character.,2,0,0,0,,,COMMON,"""You won't like me when I'm angry."""
VAN_EX1_393,69947,Amani Berserker,MINION,NEUTRAL,<b>Enrage:</b> +3 Attack,2,2,3,0,,,COMMON,"If an Amani berserker asks ""Joo lookin' at me?!"", the correct response is ""Nah, mon""."
VAN_EX1_396,69948,Mogu'shan Warden,MINION,NEUTRAL,<b>Taunt</b>,4,1,7,0,,Taunt,COMMON,All these guys ever do is talk about the Thunder King.   BOOOORRRINNG!
VAN_EX1_398,69949,Arathi Weaponsmith,MINION,WARRIOR,<b>Battlecry:</b> Equip a 2/2 weapon.,4,3,3,0,,Battlecry,COMMON,"50% off fist weapons, limited time only!"
VAN_EX1_399,68465,Gurubashi Berserker,MINION,NEUTRAL,"Whenever this minion takes damage, gain +3 Attack.",5,2,7,0,,TriggerVisual,FREE,"No Pain, No Gain."
VAN_EX1_400,68467,Whirlwind,SPELL,WARRIOR,Deal $1 damage to ALL minions.,1,0,0,0,,,FREE,"The way to tell seasoned warriors from novice ones: the novices yell ""wheeeee"" while whirlwinding."
VAN_EX1_402,69950,Armorsmith,MINION,WARRIOR,"Whenever a friendly minion takes damage, gain 1 Armor.",2,1,4,0,,TriggerVisual,RARE,She accepts guild funds for repairs!
VAN_EX1_405,69951,Shieldbearer,MINION,NEUTRAL,<b>Taunt</b>,1,0,4,0,,Taunt,COMMON,Have you seen the size of the shields in this game??  This is no easy job.
VAN_EX1_407,69952,Brawl,SPELL,WARRIOR,Destroy all minions except one. <i>(chosen randomly)</i>,5,0,0,0,,,EPIC,Do you know the first rule of Brawl Club?
VAN_EX1_408,69953,Mortal Strike,SPELL,WARRIOR,"Deal $4 damage. If you have 12 or less Health, deal $6 instead.",4,0,0,0,,,RARE,"""If you only use one ability, use Mortal Strike."" - The Warrior Code, Line 6"
VAN_EX1_409,69954,Upgrade!,SPELL,WARRIOR,"If you have a weapon, give it +1/+1. Otherwise equip a 1/3 weapon.",1,0,0,0,,,RARE,Easily worth 50 DKP.
VAN_EX1_410,69955,Shield Slam,SPELL,WARRIOR,Deal 1 damage to a minion for each Armor you have.,1,0,0,0,,AffectedBySpellPower,EPIC,"""What is a better weapon? The sharp one your enemies expect, or the blunt one they ignore?"" - The Art of Warrior, Chapter 9"
VAN_EX1_411,69956,Gorehowl,WEAPON,WARRIOR,Attacking a minion costs 1 Attack instead of 1 Durability.,7,7,0,1,,,EPIC,Grommash Hellscream's famous axe.  Somehow this ended up in Prince Malchezaar's possession.  Quite the mystery!
VAN_EX1_412,69957,Raging Worgen,MINION,NEUTRAL,<b>Enrage:</b> <b>Windfury</b> and +1 Attack,3,3,3,0,,,COMMON,"If he's raging now, just wait until he gets nerfed."
VAN_EX1_414,69958,Grommash Hellscream,MINION,WARRIOR,"<b>Charge</b>
<b>Enrage:</b> +6 Attack",8,4,9,0,,Charge,LEGENDARY,"Grommash drank the tainted blood of Mannoroth, dooming the orcs to green skin and red eyes!  Maybe not his best decision."
VAN_EX1_506,68468,Murloc Tidehunter,MINION,NEUTRAL,<b>Battlecry:</b> Summon a 1/1 Murloc Scout.,2,2,1,0,MURLOC,Battlecry,FREE,"""Death will rise, from the tides!"""
VAN_EX1_507,69959,Murloc Warleader,MINION,NEUTRAL,ALL other murlocs have +2/+1.,3,3,3,0,MURLOC,Aura,EPIC,Do Murlocs ever get tired of making the same old sound?  Nope!  Mrglglrglglglglglglgl!
VAN_EX1_508,68470,Grimscale Oracle,MINION,NEUTRAL,ALL other Murlocs have +1 Attack.,1,1,1,0,MURLOC,Aura,FREE,These are the brainy murlocs.  It turns out that doesn’t mean much.
VAN_EX1_509,69960,Murloc Tidecaller,MINION,NEUTRAL,"Whenever a Murloc is summoned, gain +1 Attack.",1,1,2,0,MURLOC,TriggerVisual,RARE,This guy gets crazy strong at family reunions.
VAN_EX1_522,69961,Patient Assassin,MINION,ROGUE,<b>Stealth</b>. Destroy any minion damaged by this minion.,2,1,1,0,,Stealth,EPIC,He’s not really that patient. It just takes a while for someone to walk by that he can actually reach.
VAN_EX1_531,69962,Scavenging Hyena,MINION,HUNTER,"Whenever a friendly Beast dies, gain +2/+1.",2,2,2,0,BEAST,TriggerVisual,COMMON,"Hyenas prefer the bones of kodos or windserpents, but they'll eat pretty much anything.  Even Brussels sprouts."
VAN_EX1_533,69963,Misdirection,SPELL,HUNTER,"<b>Secret:</b> When an enemy attacks your hero, instead it attacks another random character.",2,0,0,0,,Secret,RARE,Sometimes it's as simple as putting on a fake mustache and pointing at someone else.
VAN_EX1_534,69964,Savannah Highmane,MINION,HUNTER,<b>Deathrattle:</b> Summon two 2/2 Hyenas.,6,6,5,0,BEAST,Deathrattle,RARE,"In the jungle, the mighty jungle, the lion gets slowly consumed by hyenas."
VAN_EX1_536,69965,Eaglehorn Bow,WEAPON,HUNTER,"Whenever a <b>Secret</b> is revealed, gain +1 Durability.",3,3,0,2,,TriggerVisual,RARE,First Lesson: Put the pointy end in the other guy.
VAN_EX1_537,69966,Explosive Shot,SPELL,HUNTER,Deal $5 damage to a minion and $2 damage to adjacent ones.,5,0,0,0,,,RARE,"Pull the pin, count to 5, then shoot.  Then duck."
VAN_EX1_538,69967,Unleash the Hounds,SPELL,HUNTER,"For each enemy minion, summon a 1/1 Hound with <b>Charge</b>.",3,0,0,0,,,COMMON,You must read the name of this card out loud each time you play it.
VAN_EX1_539,68472,Kill Command,SPELL,HUNTER,"Deal $3 damage. If you control a Beast, deal
$5 damage instead.",3,0,0,0,,,FREE,"""Kill!"", he commanded."
VAN_EX1_543,69968,King Krush,MINION,HUNTER,<b>Charge</b>,9,8,8,0,BEAST,Charge,LEGENDARY,The best defense against King Krush is to have someone you don’t like standing in front of you.
VAN_EX1_544,69969,Flare,SPELL,HUNTER,All minions lose <b>Stealth</b>. Destroy all enemy <b>Secrets</b>. Draw a card.,1,0,0,0,,,RARE,"Not only does it reveal your enemies, but it's also great for parties!"
VAN_EX1_549,69970,Bestial Wrath,SPELL,HUNTER,Give a Beast +2 Attack and <b>Immune</b> this turn.,1,0,0,0,,,EPIC,"The seething wrath is just beneath the surface.  Beneath that is wild abandon, followed by slight annoyance."
VAN_EX1_554,69971,Snake Trap,SPELL,HUNTER,"<b>Secret:</b> When one of your minions is attacked, summon three 1/1 Snakes.",2,0,0,0,,Secret,EPIC,Why did it have to be snakes?
VAN_EX1_556,69972,Harvest Golem,MINION,NEUTRAL,<b>Deathrattle:</b> Summon a 2/1 Damaged Golem.,3,2,3,0,MECHANICAL,Deathrattle,COMMON,"""Overheat threshold exceeded. System failure. Wheat clog in port two. Shutting down."""
VAN_EX1_557,69973,Nat Pagle,MINION,NEUTRAL,"At the start of your turn, you have a 50% chance to draw an extra card.",2,0,4,0,,TriggerVisual,LEGENDARY,"Nat Pagle, Azeroth's premier fisherman!  He invented the Auto-Angler 3000, the Extendo-Pole 3000, and the Lure-o-matic 2099 (still in testing)."
VAN_EX1_558,69974,Harrison Jones,MINION,NEUTRAL,<b>Battlecry:</b> Destroy your opponent's weapon and draw cards equal to its Durability.,5,5,4,0,,Battlecry,LEGENDARY,“That belongs in the Hall of Explorers!”
VAN_EX1_559,69975,Archmage Antonidas,MINION,MAGE,"Whenever you cast a spell, add a 'Fireball' spell to your hand.",7,5,7,0,,TriggerVisual,LEGENDARY,"Antonidas was the Grand Magus of the Kirin Tor, and Jaina's mentor.  This was a big step up from being Grand Magus of Jelly Donuts."
VAN_EX1_560,69976,Nozdormu,MINION,NEUTRAL,Players only have 15 seconds to take their turns.,9,8,8,0,DRAGON,,LEGENDARY,Time to write some flavor text.
VAN_EX1_561,69977,Alexstrasza,MINION,NEUTRAL,<b>Battlecry:</b> Set a hero's remaining Health to 15.,9,8,8,0,DRAGON,Battlecry,LEGENDARY,Alexstrasza the Life-Binder brings life and hope to everyone.  Except Deathwing.  And Malygos.  And Nekros.
VAN_EX1_562,69978,Onyxia,MINION,NEUTRAL,<b>Battlecry:</b> Summon 1/1 Whelps until your side of the battlefield is full.,9,8,8,0,DRAGON,Battlecry,LEGENDARY,Onyxia long manipulated the Stormwind Court by disguising herself as Lady Katrana Prestor.   You would have thought that the giant wings and scales would have been a giveaway.
VAN_EX1_563,69979,Malygos,MINION,NEUTRAL,<b>Spell Damage +5</b>,9,4,12,0,DRAGON,SpellPower,LEGENDARY,Malygos hates it when mortals use magic.  He gets so mad!
VAN_EX1_564,69980,Faceless Manipulator,MINION,NEUTRAL,<b>Battlecry:</b> Choose a minion and become a copy of it.,5,3,3,0,,Battlecry,EPIC,"The Faceless Ones are servants of Yogg-Saron, and they feed on fear. Right now they are feeding on your fear of accidentally disenchanting all your good cards."
VAN_EX1_565,68473,Flametongue Totem,MINION,SHAMAN,Adjacent minions have +2 Attack.,2,0,3,0,TOTEM,"AdjacentBuff, Aura",FREE,Totemsmiths like to use the rarest woods for their totems.  There are even rumors of totems made of Ironbark Protectors.
VAN_EX1_567,69981,Doomhammer,WEAPON,SHAMAN,"<b>Windfury, Overload:</b> (2)",5,2,0,8,,"Overload, Windfury",EPIC,Orgrim Doomhammer gave this legendary weapon to Thrall.  His name is a total coincidence.
VAN_EX1_570,69982,Bite,SPELL,DRUID,Give your hero +4 Attack this turn. Gain 4 Armor.,4,0,0,0,,,RARE,Chew your food!
VAN_EX1_571,70981,Force of Nature,SPELL,DRUID,"Summon three 2/2 Treants with
<b>Charge</b> that die at the end of the turn.",6,0,0,0,,,EPIC,"""I think I'll just nap under these trees. Wait... AAAAAHHH!"" - Blinkfizz, the Unfortunate Gnome"
VAN_EX1_572,70980,Ysera,MINION,NEUTRAL,"At the end of your turn, add a Dream Card to your hand.",9,4,12,0,DRAGON,TriggerVisual,LEGENDARY,"Ysera rules the Emerald Dream.  Which is some kind of green-mirror-version of the real world, or something?"
VAN_EX1_573,70031,Cenarius,MINION,DRUID,<b>Choose One -</b> Give your other minions +2/+2; or Summon two 2/2 Treants with <b>Taunt</b>.,9,5,8,0,,ChooseOne,LEGENDARY,"Yes, he's a demigod. No, he doesn't need to wear a shirt."
VAN_EX1_575,70032,Mana Tide Totem,MINION,SHAMAN,"At the end of your turn, draw a card.",3,0,3,0,TOTEM,TriggerVisual,RARE,"It is said that some shaman can say ""Floatin' totem"" 10 times, fast."
VAN_EX1_577,70033,The Beast,MINION,NEUTRAL,"[x]<b>Deathrattle:</b> Summon a
3/3 Pip Quickwit for
your opponent.",6,9,7,0,BEAST,Deathrattle,LEGENDARY,He lives in Blackrock Mountain.  He eats Gnomes.  That's pretty much it.
VAN_EX1_578,70034,Savagery,SPELL,DRUID,Deal damage equal to your hero's Attack to a minion.,1,0,0,0,,AffectedBySpellPower,RARE,"It is true that some druids are savage, but others still enjoy a quiet moment and a spot of tea."
VAN_EX1_581,68475,Sap,SPELL,ROGUE,Return an enemy minion to your opponent's hand.,2,0,0,0,,,FREE,Rogues love sappy movies.
VAN_EX1_582,68476,Dalaran Mage,MINION,NEUTRAL,<b>Spell Damage +1</b>,3,1,4,0,,SpellPower,FREE,You don't see a lot of Dalaran warriors.
VAN_EX1_583,70035,Priestess of Elune,MINION,NEUTRAL,<b>Battlecry:</b> Restore #4 Health to your hero.,6,5,4,0,,Battlecry,COMMON,"If she threatens to ""moon"" you, it's not what you think."
VAN_EX1_584,70036,Ancient Mage,MINION,NEUTRAL,<b>Battlecry:</b> Give adjacent minions <b>Spell Damage +1</b>.,4,2,5,0,,Battlecry,RARE,Sometimes he forgets and just wanders into someone else's game.
VAN_EX1_586,70037,Sea Giant,MINION,NEUTRAL,Costs (1) less for each other minion on the battlefield.,10,8,8,0,,,EPIC,See?  Giant.
VAN_EX1_587,68477,Windspeaker,MINION,SHAMAN,<b>Battlecry:</b> Give a friendly minion <b>Windfury</b>.,4,3,3,0,,Battlecry,FREE,Is there anything worse than a Windspeaker with halitosis?
VAN_EX1_590,70038,Blood Knight,MINION,NEUTRAL,<b>Battlecry:</b> All minions lose <b>Divine Shield</b>. Gain +3/+3 for each Shield lost.,3,3,3,0,,Battlecry,EPIC,"The Blood Knights get their holy powers from the Sunwell, which you should NOT bathe in."
VAN_EX1_591,70039,Auchenai Soulpriest,MINION,PRIEST,Your cards and powers that restore Health now deal damage instead.,4,3,5,0,,,RARE,"The Auchenai know the end is coming, but they're not sure when."
VAN_EX1_593,68478,Nightblade,MINION,NEUTRAL,<b>Battlecry: </b>Deal 3 damage to the enemy hero.,5,4,4,0,,Battlecry,FREE,"Your face is the place you'd probably least like a dagger, and where rogues are most likely to deliver them."
VAN_EX1_594,70040,Vaporize,SPELL,MAGE,"<b>Secret:</b> When a minion attacks your hero, destroy it.",3,0,0,0,,Secret,RARE,Rumor has it that Deathwing brought about the Cataclysm after losing a game to this card.  We may never know the truth.
VAN_EX1_595,70041,Cult Master,MINION,NEUTRAL,"After a friendly minion dies, draw a card.",4,4,2,0,,TriggerVisual,COMMON,"She may be an evil cult master, but she still calls her parents once a week."
VAN_EX1_596,70042,Demonfire,SPELL,WARLOCK,"Deal $2 damage to a minion. If it’s a friendly Demon, give it +2/+2 instead.",2,0,0,0,,,COMMON,Demonfire is like regular fire except for IT NEVER STOPS BURNING HELLLPPP
VAN_EX1_597,70043,Imp Master,MINION,NEUTRAL,"[x]At the end of your turn, deal
1 damage to this minion
and summon a 1/1 Imp.",3,1,5,0,,TriggerVisual,RARE,She would enjoy the job a lot more if she just could get the imps to QUIT BITING HER.
VAN_EX1_603,70045,Cruel Taskmaster,MINION,WARRIOR,<b>Battlecry:</b> Deal 1 damage to a minion and give it +2 Attack.,2,2,2,0,,Battlecry,COMMON,"""I'm going to need you to come in on Sunday."" - Cruel Taskmaster"
VAN_EX1_604,70046,Frothing Berserker,MINION,WARRIOR,"Whenever a minion takes damage, gain +1 Attack.",3,2,4,0,,TriggerVisual,RARE,He used to work as an accountant before he tried his hand at Berserkering.
VAN_EX1_606,68479,Shield Block,SPELL,WARRIOR,"Gain 5 Armor.
Draw a card.",3,0,0,0,,,FREE,Shields were invented because Face Block is USELESS.
VAN_EX1_607,70047,Inner Rage,SPELL,WARRIOR,Deal $1 damage to a minion and give it +2 Attack.,0,0,0,0,,,COMMON,They're only smiling on the outside.
VAN_EX1_608,70048,Sorcerer's Apprentice,MINION,MAGE,Your spells cost (1) less.,2,3,2,0,,Aura,COMMON,"Apprentices are great for bossing around.  ""Conjure me some mana buns! And a coffee!  Make that a mana coffee!"""
VAN_EX1_609,70049,Snipe,SPELL,HUNTER,"<b>Secret:</b> After your opponent plays a minion, deal $4 damage to it.",2,0,0,0,,Secret,COMMON,A great sniper hits the spot.  Just like a delicious flank of boar. Mmmmm.
VAN_EX1_610,70050,Explosive Trap,SPELL,HUNTER,"<b>Secret:</b> When your hero is attacked, deal $2 damage to all enemies.",2,0,0,0,,Secret,COMMON,It traps your food AND cooks it for you!
VAN_EX1_611,70051,Freezing Trap,SPELL,HUNTER,"<b>Secret:</b> When an enemy minion attacks, return it to its owner's hand. It costs (2) more.",2,0,0,0,,Secret,COMMON,"""Dang, that's cold."" - appropriate response to Freezing Trap, or a mean joke."
VAN_EX1_612,70052,Kirin Tor Mage,MINION,MAGE,"[x]<b>Battlecry:</b> The next <b>Secret</b>
you play this turn costs (0).",3,4,3,0,,Battlecry,RARE,"The Kirin Tor reside in the floating city of Dalaran.  How do you make a Dalaran float?  Two scoops of ice cream, one scoop of Dalaran."
VAN_EX1_613,70053,Edwin VanCleef,MINION,ROGUE,<b>Combo:</b> Gain +2/+2 for each card played earlier this turn.,3,2,2,0,,Combo,LEGENDARY,"He led the Stonemasons in the reconstruction of Stormwind, and when the nobles refused to pay, he founded the Defias Brotherhood to, well, <i>deconstruct</i> Stormwind."
VAN_EX1_614,70054,Illidan Stormrage,MINION,NEUTRAL,"Whenever you play a card, summon a 2/1 Flame of Azzinoth.",6,7,5,0,DEMON,TriggerVisual,LEGENDARY,"Illidan's brother, Malfurion, imprisoned him beneath Hyjal for 10,000 years. Stormrages are not good at letting go of grudges."
VAN_EX1_616,70055,Mana Wraith,MINION,NEUTRAL,ALL minions cost (1) more.,2,2,2,0,,Aura,RARE,"They come out at night to eat leftover mana crystals. ""Mmmmmm,"" they say."
VAN_EX1_617,70056,Deadly Shot,SPELL,HUNTER,Destroy a random enemy minion.,3,0,0,0,,,COMMON,"Our ballista operator is effective, but not picky."
VAN_EX1_619,70057,Equality,SPELL,PALADIN,Change the Health of ALL minions to 1.,2,0,0,0,,,RARE,We are all special unique snowflakes... with 1 Health.
VAN_EX1_620,70058,Molten Giant,MINION,NEUTRAL,Costs (1) less for each damage your hero has taken.,20,8,8,0,,,EPIC,He gets terrible heartburn.  BECAUSE HE IS FULL OF LAVA.
VAN_EX1_621,70059,Circle of Healing,SPELL,PRIEST,Restore #4 Health to ALL minions.,0,0,0,0,,,COMMON,It isn't really a circle.
VAN_EX1_622,68480,Shadow Word: Death,SPELL,PRIEST,Destroy a minion with 5 or more Attack.,3,0,0,0,,,FREE,"If you miss, it leaves a lightning-bolt-shaped scar on your target."
VAN_EX1_623,70060,Temple Enforcer,MINION,PRIEST,<b>Battlecry:</b> Give a friendly minion +3 Health.,6,6,6,0,,Battlecry,COMMON,He also moonlights Thursday nights as a bouncer at the Pig and Whistle Tavern.
VAN_EX1_624,70061,Holy Fire,SPELL,PRIEST,Deal $5 damage. Restore #5 Health to your hero.,6,0,0,0,,,RARE,Often followed by Holy Smokes!
VAN_EX1_625,70062,Shadowform,SPELL,PRIEST,Your Hero Power becomes 'Deal 2 damage.' If already in Shadowform: 3 damage.,3,0,0,0,,,EPIC,If a bright light shines on a priest in Shadowform… do they cast a shadow?
VAN_EX1_626,70063,Mass Dispel,SPELL,PRIEST,<b>Silence</b> all enemy minions. Draw a card.,4,0,0,0,,Silence,RARE,"It dispels buffs, powers, hopes, and dreams."
VAN_NEW1_003,68526,Sacrificial Pact,SPELL,WARLOCK,Destroy a Demon. Restore #5 Health to your hero.,0,0,0,0,,,FREE,This is the reason that Demons never really become friends with Warlocks.
VAN_NEW1_004,68548,Vanish,SPELL,ROGUE,Return all minions to their owner's hand.,6,0,0,0,,,COMMON,
VAN_NEW1_005,70075,Kidnapper,MINION,ROGUE,<b>Combo:</b> Return a minion to its owner's hand.,6,5,3,0,UNDEAD,Combo,EPIC,He just wants people to see his vacation photos.
VAN_NEW1_007,70076,Starfall,SPELL,DRUID,"<b>Choose One -</b>
Deal $5 damage to a minion; or $2 damage to all enemy minions.",5,0,0,0,,ChooseOne,RARE,Is the sky falling?  Yes.  Yes it is.
VAN_NEW1_008,70077,Ancient of Lore,MINION,DRUID,<b>Choose One -</b> Draw 2 cards; or Restore #5 Health.,7,5,5,0,,ChooseOne,EPIC,"Go ahead, carve your initials in him."
VAN_NEW1_010,70078,Al'Akir the Windlord,MINION,SHAMAN,"<b>Charge, Divine Shield, Taunt, Windfury</b>",8,3,5,0,,"Charge, DivineShield, Taunt, Windfury",LEGENDARY,He is the weakest of the four Elemental Lords.  And the other three don't let him forget it.
VAN_NEW1_011,68528,Kor'kron Elite,MINION,WARRIOR,<b>Charge</b>,4,4,3,0,,Charge,FREE,The Kor'kron are the elite forces of Garrosh Hellscream. Let's just say you don't want to run into these guys while wearing a blue tabard.
VAN_NEW1_012,70079,Mana Wyrm,MINION,MAGE,"Whenever you cast a spell, gain +1 Attack.",1,1,3,0,,TriggerVisual,COMMON,"These wyrms feed on arcane energies, and while they are generally considered a nuisance rather than a real threat, you really shouldn't leave them alone with a bucket of mana."
VAN_NEW1_014,70080,Master of Disguise,MINION,ROGUE,<b>Battlecry:</b> Give a friendly minion <b>Stealth</b>.,4,4,4,0,,Battlecry,RARE,"She's actually a male tauren.  People don't call him ""Master of Disguise"" for nothing."
VAN_NEW1_016,68549,Captain's Parrot,MINION,NEUTRAL,<b>Battlecry:</b> Draw a Pirate from your deck.,2,1,1,0,BEAST,Battlecry,EPIC,Pirates and Parrots go together like Virmen and Carrots.
VAN_NEW1_017,70081,Hungry Crab,MINION,NEUTRAL,<b>Battlecry:</b> Destroy a Murloc and gain +2/+2.,1,1,2,0,BEAST,Battlecry,EPIC,Murloc.  It's what's for dinner.
VAN_NEW1_018,70082,Bloodsail Raider,MINION,NEUTRAL,"<b>Battlecry:</b> Gain Attack equal to the Attack
of your weapon.",2,2,3,0,PIRATE,Battlecry,COMMON,"""I only plunder on days that end in 'y'."""
VAN_NEW1_019,70083,Knife Juggler,MINION,NEUTRAL,"[x]After you summon a
minion, deal 1 damage
to a random enemy.",2,3,2,0,,TriggerVisual,RARE,Ambitious Knife Jugglers sometimes graduate to Bomb Jugglers.    They never last long enough to make it onto a card though.
VAN_NEW1_020,70084,Wild Pyromancer,MINION,NEUTRAL,"After you cast a spell, deal 1 damage to ALL minions.",2,3,2,0,,TriggerVisual,RARE,BOOM BABY BOOM!  BAD IS GOOD!  DOWN WITH GOVERNMENT!
VAN_NEW1_021,70085,Doomsayer,MINION,NEUTRAL,"At the start of your turn, destroy ALL minions.",2,0,7,0,,TriggerVisual,EPIC,He's almost been right so many times. He was <i>sure</i> it was coming during the Cataclysm.
VAN_NEW1_022,70086,Dread Corsair,MINION,NEUTRAL,"<b>Taunt</b>
Costs (1) less per Attack of your weapon.",4,3,3,0,PIRATE,Taunt,COMMON,"""Yarrrr"" is a pirate word that means ""Greetings, milord."""
VAN_NEW1_023,70087,Faerie Dragon,MINION,NEUTRAL,Can't be targeted by spells or Hero Powers.,2,3,2,0,DRAGON,"CantBeTargetedBySpells, CantBeTargetedByHeroPowers",COMMON,Adorable.  Immune to Magic.  Doesn't pee on the rug.  The perfect pet!
VAN_NEW1_024,70088,Captain Greenskin,MINION,NEUTRAL,<b>Battlecry:</b> Give your weapon +1/+1.,5,5,4,0,PIRATE,Battlecry,LEGENDARY,He was <i>this close</i> to piloting a massive juggernaut into Stormwind Harbor. If it weren't for those pesky kids!
VAN_NEW1_025,70089,Bloodsail Corsair,MINION,NEUTRAL,"[x]<b>Battlecry:</b> Remove
1 Durability from your
opponent's weapon.",1,1,2,0,PIRATE,Battlecry,RARE,"Every pirate uses the same four digits to access Automated Gold Dispensers.  It's called the ""Pirate's Code""."
VAN_NEW1_026,70090,Violet Teacher,MINION,NEUTRAL,"Whenever you cast a spell, summon a 1/1 Violet Apprentice.",4,3,5,0,,TriggerVisual,RARE,"If you don't pay attention, you may be turned into a pig.  And then you get your name on the board."
VAN_NEW1_027,70091,Southsea Captain,MINION,NEUTRAL,Your other Pirates have +1/+1.,3,3,3,0,PIRATE,Aura,EPIC,"When he saves enough plunder, he's going to commission an enormous captain's hat.  He has hat envy."
VAN_NEW1_029,70092,Millhouse Manastorm,MINION,NEUTRAL,<b>Battlecry:</b> Enemy spells cost (0) next turn.,2,4,4,0,,Battlecry,LEGENDARY,"""I'm gonna light you up, sweetcheeks!"""
VAN_NEW1_030,70093,Deathwing,MINION,NEUTRAL,<b>Battlecry:</b> Destroy all other minions and discard your hand.,10,12,12,0,DRAGON,Battlecry,LEGENDARY,"Once a noble dragon known as Neltharion, Deathwing lost his mind and shattered Azeroth before finally being defeated.  Daddy issues?"
VAN_NEW1_031,68529,Animal Companion,SPELL,HUNTER,Summon a random Beast Companion.,3,0,0,0,,,FREE,"You could summon Misha, Leokk, or Huffer!  Huffer is more trouble than he's worth."
VAN_NEW1_036,70094,Commanding Shout,SPELL,WARRIOR,Your minions can't be reduced below 1 Health this turn. Draw a card.,2,0,0,0,,,RARE,"""Shout! Shout! Let it all out!"" - Advice to warriors-in-training"
VAN_NEW1_037,70095,Master Swordsmith,MINION,NEUTRAL,"At the end of your turn, give another random friendly minion +1 Attack.",2,1,3,0,,TriggerVisual,RARE,"He's currently trying to craft a ""flail-axe"", but all the other swordsmiths say it can't be done."
VAN_NEW1_038,70096,Gruul,MINION,NEUTRAL,"At the end of each turn, gain +1/+1 .",8,7,7,0,,TriggerVisual,LEGENDARY,"He's Gruul ""the Dragonkiller"".  He just wanted to cuddle them… he never meant to…"
VAN_NEW1_040,70097,Hogger,MINION,NEUTRAL,"At the end of your turn, summon a 2/2 Gnoll with <b>Taunt</b>.",6,4,4,0,,TriggerVisual,LEGENDARY,"Hogger is super powerful. If you kill him, it's because he <i>let</i> you."
VAN_NEW1_041,70098,Stampeding Kodo,MINION,NEUTRAL,<b>Battlecry:</b> Destroy a random enemy minion with 2 or less Attack.,5,3,5,0,BEAST,Battlecry,RARE,This Kodo is so big that he can stampede by <i>himself</i>.
VAN_PRO_001,68550,Elite Tauren Chieftain,MINION,NEUTRAL,<b>Battlecry:</b> Give both players the power to ROCK! (with a Power Chord card),5,5,5,0,,Battlecry,LEGENDARY,"He's looking for a drummer.  The current candidates are: Novice Engineer, Sen'jin Shieldmasta', and Ragnaros the Firelord."
VAN_tt_004,70101,Flesheating Ghoul,MINION,NEUTRAL,"Whenever a minion dies, gain +1 Attack.",3,2,3,0,,TriggerVisual,COMMON,'Flesheating' is an unfair name.  It's just that there's not really much else for him to eat.
VAN_tt_010,70102,Spellbender,SPELL,MAGE,"<b>Secret:</b> When an enemy casts a spell on a minion, summon a 1/3 as the new target.",3,0,0,0,,Secret,EPIC,"While it's fun to intercept enemy lightning bolts, a spellbender much prefers to intercept opposing Marks of the Wild.  It just feels meaner.  And blood elves... well, they're a little mean."
